[Items],,,,,,,,,,,,,,,,
Item ID,Item Name,Visual Slot,Visual Description,Item Description,Maximum Count,Unlock Condition,Unlock By Purchase,NPC ID,Tier,Shop Price,Shop Upgrades,Synergy Hooks,Replace Hook,[ATT_BEGIN],Player Attributes Levelup,[ATT_END]
hero_hair,Civil Shirt,Hair,,,1,FALSE,FALSE,,1,0,,,,,,
hero_underpants,Civil Shirt,Pants,,,1,FALSE,FALSE,,1,0,,,,,,
hero_cape,Civil Shirt,Back,,,1,FALSE,FALSE,,1,0,,,,,,
hero_mask,Civil Shirt,Eyes,,,1,FALSE,FALSE,,1,0,,,,,,
civil_shirt,Civil Shirt,Shirt,,,1,FALSE,FALSE,,1,0,,,,,,
civil_eye,Civil Eye,Eyes,,,1,FALSE,FALSE,,1,0,,,,,,
civil_pants,Civil Pants,Pants,,,1,FALSE,FALSE,,1,0,,,,,,
hero_3_skin,,Body,,,1,FALSE,FALSE,,1,0,,,,,,
hero_3_wings,,Back,,,1,FALSE,FALSE,,1,0,,,,,,
chris_civil_hair,,Hair,,,1,FALSE,FALSE,,1,0,,,,,,
chris_civil_shirt,,Shirt,,,1,FALSE,FALSE,,1,0,,,,,,
chris_civil_pants,,Pants,,,1,FALSE,FALSE,,1,0,,,,,,
chirs_civil_eyes,,Eyes,,,,,,,,,,,,,,
chris_civil_blazzer,,Blazzer,,,1,FALSE,FALSE,,1,0,,,,,,
,,,,,,,,,,,,,,,,
,,,,,,,,,,,,,,,,
,,,,,,,,,,,,,,,,
,,,,,,,,,,,,,,,,
,,,,,,,,,,,,,,,,
,,,,,,,,,,,,,,,,
[Stackable Items],,,,,,,,,,,,,,,,
Item ID,Item Name,Visual Slot,Visual Description,Item Description,Maximum Count,Unlock Condition,Unlock By Purchase,NPC ID,Tier,Shop Price,Shop Upgrades,Synergy Hooks,Replace Hook,[ATT_BEGIN],Player Attributes Levelup,[ATT_END]
gravitational_gloves,Toy Arm,None,Só Ícone? Visual: https://imgs.casasbahia.com.br/1561863354/1xg.jpg?imwidth=1000,Increases pickup range and knockback.,3,TRUE,FALSE,shopkeeper,1,25,,,,,"[pickup_range, +12], [knockback_force, +1]",
expired_health_potion,Hamburguer,None,Só Ícone,Will leave you feeling full.,INF,TRUE,FALSE,shopkeeper,1,15,,,,,"[max_hp, +3], [hp_regeneration, +2], [consumable_heal, -1]",
fast_hands,Kleptomania,Shirt,Algo que um ladrão usa? Ladrão do The Sims? Gorro ou Camiseta Preta Listrada.,Things just keep ending up in your hands. 25% chance to attract materials when dropped.,4,TRUE,FALSE,shopkeeper,1,18,,,,,"[auto_magnet_on_drop_chance, +0.25]",
vampire_fang,Vampire Teeth,Teeth,Pode aparecer na boca do personagem? Talvez ícone e sprite precisem ser diferentes.,These have to be made out of plastic... right?,INF,TRUE,FALSE,shopkeeper,1,25,,,,,"[life_steal_chance, +0.02], [hp_regeneration, -1]",
cap,Cap,Hat,Boné,"Somehow, it makes you more aerodynamic.",INF,TRUE,FALSE,shopkeeper,1,20,,,,,"[movement_speed_multiplier, +0.04]",
fire_potion,Dirty Underwear,None,Uma Cueca Suja,You feel dirty...,INF,TRUE,FALSE,shopkeeper,1,30,,,,,"[elemental_damage, +2], [max_hp, -1]",
heavy_bullets,High Caliber,None,Só o Ícone de bala.,"Fire stronger bullets with increased range, but lowers attack speed and crit chance.",INF,TRUE,FALSE,shopkeeper,4,100,,,,,"[ranged_damage, +5], [base_damage, +0.1], [player_range, +10], [bonus_attack_speed, -0.05], [crit_damage_chance, -0.05]",
big_arms,Nuclear Proteins,None,Um pote de Whey Nuclear,Hopefully it's not expired.,INF,TRUE,FALSE,shopkeeper,4,105,,,,,"[melee_damage, +12], [ranged_damage, +6], [knockback_force, +3], [bonus_attack_speed, -0.03], [movement_speed_multiplier, -0.03]",
cape,Survival Instincts,Back,Só o Ícone. Rambo?,Something inside you wants to live.,INF,TRUE,FALSE,shopkeeper,4,110,,,,,"[life_steal_chance, +0.05], [dodge_chance, +0.2], [melee_damage, -2], [ranged_damage, -2], [elemental_damage, -2]",
gnome,Tunnel Vision,Face,Só o Ícone. Olhos com Raiva?,The only thing you see is your next target.,INF,TRUE,FALSE,shopkeeper,4,100,,,,,"[melee_damage, +10], [elemental_damage, +10], [pickup_range, -12]",
item_1,Brass Knuckles,Shirt,Soco Inglês na Mão,But... you aren't even using your hands?,INF,TRUE,FALSE,shopkeeper,1,18,,,,,"[melee_damage, +1], [knockback_force, +1]",
item_2,Scars,None,Cicatrizes,"What doesn't kill you, makes you stronger.",INF,TRUE,FALSE,shopkeeper,1,25,,,,,"[max_hp, +5], [hp_regeneration, -1]",
straw,Straw,Hat,"Canudo, pode ser na mão?","This is not going into a drink, is it?",INF,TRUE,FALSE,shopkeeper,1,30,,,,,"[life_steal_chance, +0.02], [elemental_damage, -1]",
item_4,Elbow Pads,Shirt,"Pode ser Knee Pads, se ficar mais fazer de fazer.","You feel safe, but ridiculous.",INF,TRUE,FALSE,shopkeeper,1,15,,,,,"[max_hp, +3], [base_damage, -0.01] ",
item_5,Anger,None,Fumaça de Raiva ou Olhos Zangados,It's free if you shop online.,INF,TRUE,FALSE,shopkeeper,1,20,,,,,"[melee_damage, +1], [crit_damage_chance, +0.01], [max_hp, -1]",
item_6,Coffee,None,Pode ser só o ícone,Taking too much makes you shake.,INF,TRUE,FALSE,shopkeeper,1,20,,,,,"[bonus_attack_speed, +0.10], [base_damage, -0.02]",
item_7,Membership Card,None,Só o ícone,Buy our exclusive membership and earn discounts.,5,TRUE,FALSE,shopkeeper,1,15,,,,,"[items_price, -0.05]",
item_9,Knight Helmet,Hair,Capacete de Guerreiro,The helmet of an old friend. Take care of it.,INF,TRUE,FALSE,shopkeeper,1,20,,,,,"[melee_damage, +2], [max_hp, +2], [bonus_attack_speed, -0.03]",
item_10,Glasses,Eyes,Óculos Normais,More than meets the eye.,INF,TRUE,FALSE,shopkeeper,1,18,,,,,"[dodge_chance, +0.01], [ranged_damage, +3], [xp_gain, -0.03]",
item_13,Dumbbell,Shirt,Na mão? ,Training has made you stronger.,13,TRUE,FALSE,shopkeeper,1,25,,,,,"[melee_damage, +3], [crit_damage_chance, -0.02]",
item_14,Heroes Magazine,None,Só o ícone,The thing that made heroes super.,INF,TRUE,FALSE,shopkeeper,1,30,,,,,"[melee_damage, +2], [ranged_damage, +1], [hp_regeneration, -1]",
item_15,Iron Boots,Feet,Ícone e Sprite,"Gives you armor, but makes you slower.",INF,TRUE,FALSE,shopkeeper,1,15,,,,,"[defense_ratio, +0.01], [movement_speed_multiplier, -0.02]",
item_16,Experimental Injection,None,Só o ícone,It honestly isn't what it looks like.,INF,TRUE,FALSE,shopkeeper,1,20,,,,,"[max_hp, -2], [base_damage, +0.07]",
item_17,Weak Spots,None,Só o ícone. Uma Mira em Pontos Fracos.,You can better indentify Enemies Weak Spots.,INF,TRUE,FALSE,shopkeeper,1,20,,,,,"[base_damage, -0.03], [crit_damage_chance, +0.06]",
item_18,Clover,None,Só o ícone?,Some call it luck. Others are wrong.,4,TRUE,FALSE,shopkeeper,1,25,,,,,"[elemental_damage, -1], [luck, +8]",
item_19,Tea,None,"Ícone, uma xícara de chá cheia, porém rachada",Even a damaged thing can hold something of value.,INF,TRUE,FALSE,shopkeeper,1,25,,,,,"[hp_regeneration, +3], [luck, -2]",
item_20,Photon Core Bullets,None,"Ícone, uma bala com um photon no meio.",High tech and high caliber.,INF,TRUE,FALSE,shopkeeper,1,25,,,,,"[ranged_damage, +1], [elemental_damage, +1], [knockback_force, -3]",
item_21,Vitamins,None,Só ícone,Even heroes need these.,INF,TRUE,FALSE,shopkeeper,1,15,,,,,"[life_steal_chance, -0.01], [hp_regeneration, +3]",
item_22,Rabbit Foot,None,Só ícone,Artificially grown in a laboratory. No rabbits were harmed.,INF,TRUE,FALSE,shopkeeper,1,28,,,,,"[base_damage, -0.02], [luck, +10]",
item_24,Reactor Fragment,None,Só ícone,Maybe you shouldn't keep this in your pocket.,INF,TRUE,FALSE,shopkeeper,1,20,,,,,"[elemental_damage, +2], [dodge_chance, -0.02]",
item_25,Water Jug,None,"Só ícone. Um Galão Gigante de Água Azul, aqueles que vão em escritórios.",You can feel the water in your belly.,INF,TRUE,FALSE,shopkeeper,2,35,,,,,"[consumable_heal, +3], [dodge_chance, -0.02]",
item_26,Lasagna,None,,"Delicious, but you feel full.",INF,TRUE,FALSE,shopkeeper,2,65,,,,,"[max_hp, +8], [dodge_chance, -0.02], [knockback_force, -2]",
item_27,Karategi,Shirt,Kimono de Karate Faixa Preta,The ideal accessory for a master.,INF,TRUE,FALSE,shopkeeper,2,50,,,,,"[xp_gain, +0.25], [melee_damage, +3], [knockback_force, +3], [luck, -8]",
item_28,Photon Mutation,None,Uma célula com um Photon. Só ícone.,Whatever gave you your powers keeps mutating.,INF,TRUE,FALSE,shopkeeper,2,40,,,,,"[elemental_damage, +2], [hp_regeneration, +2], [movement_speed_multiplier, -0.02]",
item_29,Counterfeit Token,None,Ícone.,1 free reroll in the shop.,3,TRUE,FALSE,shopkeeper,2,30,,,,,"[bonus_store_reroll, +1.0] ",
item_30,Welder's Mask,Face,Ícone e Sprite,"Buy it, and it's a super-hero mask.",INF,TRUE,FALSE,shopkeeper,2,55,,,,,"[crit_damage_chance, +0.06], [elemental_damage, +2], [ranged_damage, -2]",
item_31,Wizard Hat,Hat,Ícone e Sprite,You don your Wizard Hat. All you're missing is a robe.,INF,TRUE,FALSE,shopkeeper,2,45,,,,,"[elemental_damage, +4], [melee_damage, -1], [ranged_damage, -1]",
item_32,Black Bandana,Hat,Ícone e Sprite,You are a Ninja now.,INF,TRUE,FALSE,shopkeeper,2,50,,,,,"[dodge_chance, +0.08], [defense_ratio, -0.01]",
item_34,Rocket Boots,Feet,Ícone e Sprite. Feito em casa.,Built by the Hero. He never tested it.,INF,TRUE,FALSE,shopkeeper,3,55,,,,,"[jump_force, +70.0]",
item_35,Heartbound Necklace,Shirt,Ícone e Sprite,A gift from someone dear. It shouldn’t still be here.,INF,TRUE,FALSE,shopkeeper,2,40,,,,,"[victim_additional_health_drop_chance, +0.05]",
item_36,Frog Leg,None,Ícone. Uma perna de sapo no espeto.,This delicacy lets you jump in mid-air just like a frog.,1,TRUE,FALSE,shopkeeper,2,45,,,,,"[max_jumps, +1.0]",
item_37,Clean Socks,Feet,Ícone e Sprite,"Say goodbye to the smell of cheese. The shame stays, though.",3,TRUE,FALSE,shopkeeper,2,30,,,,,"[movement_speed_multiplier, +0.08], [max_hp, -2]",
item_38,Sunglasses,Eyes,Ícone e Sprite,Makes you look cool.,INF,TRUE,FALSE,shopkeeper,2,60,,,,,"[ranged_damage, +2], [bonus_attack_speed, +0.1], [base_damage, -0.06]",
item_39,Leather Jacket,Shirt,Ícone e Sprite,You look awesome in it.,INF,TRUE,FALSE,shopkeeper,2,50,,,,,"[crit_damage_chance, +0.1], [defense_ratio, -0.01]",
item_40,Handwraps,Shirt,Ícone e Sprite. Ataduras nas mãos ensanguentadas.,You are not afraid to get your hands dirty.,INF,TRUE,FALSE,shopkeeper,2,40,,,,,"[life_steal_chance, +0.04], [knockback_force, -3]",
item_41,Tainted Bloodstone,None,Ícone,"You feel powerful, but something seems off.",INF,TRUE,FALSE,shopkeeper,3,85,,,,,"[max_hp, +8], [hp_regeneration, +3], [luck, -8]",
item_42,Ancient Manuscript,None,Ícone,"Gives you Knowlodge, but the ripped pages hurt you.",INF,TRUE,FALSE,shopkeeper,3,70,,,,,"[xp_gain, +0.5], [life_steal_chance, -0.02]",
item_44,Radioactive Soap,None,Ícone,The First Choice in Super Hero Skin Care.,INF,TRUE,FALSE,shopkeeper,2,45,,,,,"[dodge_chance, +0.06], [defense_ratio, +0.02], [max_hp, -3]",
item_45,Behemoth Foam Fists,Shirt,"Ícone e Sprite. Como se fosse mãos Gigantes do Hulk, porém cinzas.",Good luck using anything with these puppies on.,INF,TRUE,FALSE,shopkeeper,2,55,,,,,"[melee_damage, +6], [ranged_damage, -3]",
item_46,Plot-Armor Underwear,None,Ícone e Sprite. Uma cueca com proteção.,It's not a chastity belt!,INF,TRUE,FALSE,shopkeeper,2,40,,,,,"[defense_ratio, +0.02], [base_damage, -0.03]",
item_48,Leprechaun Top Hat,Hat,Ícone e Sprite,Or just a green top hat. Hard to tell.,INF,TRUE,FALSE,shopkeeper,2,48,,,,,"[luck, +20], [hp_regeneration, -2]",
item_51,Fire Escape Map,None,,,INF,TRUE,FALSE,shopkeeper,1,15,,,,,"[movement_speed_multiplier, +0.04], [luck, -5]",
item_52,Action Figure,None,,,INF,TRUE,FALSE,shopkeeper,2,45,,,,,"[base_damage, +0.1], [bonus_attack_speed, -0.04]",
item_53,Vampire Comic,None,,,INF,TRUE,FALSE,shopkeeper,1,20,,,,,"[life_steal_chance, +0.02], [hustle, -2]",
item_54,Charcoal,None,,,INF,TRUE,FALSE,shopkeeper,1,20,,,,,"[elemental_damage, +1], [melee_damage, +2], [hustle, -2]",
item_56,Fertilizer,None,,,INF,TRUE,FALSE,shopkeeper,1,15,,,,,"[hustle, +8], [melee_damage, -1]",
item_57,Gummy Berserker,None,,,INF,TRUE,FALSE,shopkeeper,1,25,,,,,"[bonus_attack_speed, +0.05], [player_range, +25], [defense_ratio, -0.01]",
item_58,Head Injury,None,,,INF,TRUE,FALSE,shopkeeper,1,25,,,,,"[base_damage, +0.06], [player_range, -8]",
item_59,Lemonade,None,,,INF,TRUE,FALSE,shopkeeper,1,15,,,,,"[consumable_heal, +1]",
item_60,Lens,None,,,INF,TRUE,FALSE,shopkeeper,1,20,,,,,"[ranged_damage, +1], [player_range, -5]",
item_61,Peaceful Bee,None,,,INF,TRUE,FALSE,shopkeeper,1,18,,,,,"[dodge_chance, +0.04], [hustle, +4], [melee_damage, -1], [ranged_damage, -1]",
item_62,Field Notes,None,,,INF,TRUE,FALSE,shopkeeper,1,25,,,,,"[xp_gain, +0.2], [player_range, -8]",
item_66,Hero Pennant,None,,,INF,TRUE,FALSE,shopkeeper,2,55,,,,,"[player_range, +20], [bonus_attack_speed, +0.1], [knockback_force, -5]",
item_67,Blindfold,None,,,INF,TRUE,FALSE,shopkeeper,2,45,,,,,"[crit_damage_chance, +0.05], [dodge_chance, +0.05], [player_range, -15]",
item_68,Plasma Bag,None,,,INF,TRUE,FALSE,shopkeeper,2,45,,,,,"[life_steal_chance, +0.02], [hp_regeneration, +2], [hustle, -3]",
item_69,Cracked Visor,None,,,INF,TRUE,FALSE,shopkeeper,2,45,,,,,"[base_damage, +0.12], [player_range, -12]",
item_70,Scavenger Glove,None,,,INF,TRUE,FALSE,shopkeeper,2,45,,,,,"[pickup_range, +12], [hustle, +10], [dodge_chance, -0.03]",
item_71,Pocket Dumbbell,None,,,INF,TRUE,FALSE,shopkeeper,2,50,,,,,"[melee_damage, +3], [max_hp, +5], [player_range, -15]",
item_72,Participation Medal,None,,,INF,TRUE,FALSE,shopkeeper,2,55,,,,,"[max_hp, +3], [base_damage, +0.03], [defense_ratio, +0.01], [movement_speed_multiplier, +0.03], [crit_damage_chance, -0.04]",
item_74,Scope,None,,,INF,TRUE,FALSE,shopkeeper,2,48,,,,,"[ranged_damage, +2], [player_range, +25], [bonus_attack_speed, -0.07]",
item_76,Slushie Cup,None,,,1,TRUE,FALSE,shopkeeper,2,50,,,,,"[elemental_damage, +1]",
item_77,Wheelbarrow,None,,,INF,TRUE,FALSE,shopkeeper,2,40,,,,,"[hustle, +16], [defense_ratio, -0.01]",
item_82,Boss's Hat,None,,,INF,TRUE,FALSE,shopkeeper,3,75,,,,,"[luck, +15], [hustle, +18], [bonus_attack_speed, -0.05], [crit_damage_chance, -0.03]",
item_83,Bedspring,None,,,3,TRUE,FALSE,shopkeeper,3,70,,,,,"[knockback_force, +6]",
item_84,Running Shoes,None,,,INF,TRUE,FALSE,shopkeeper,3,65,,,,,"[movement_speed_multiplier, +0.1], [life_steal_chance, +0.03], [luck, -8]",
item_85,Overcharged Battery,None,,,INF,TRUE,FALSE,shopkeeper,3,75,,,,,"[base_damage, +0.25], [defense_ratio, -0.03]",
item_87,Lucky Charm,None,,,INF,TRUE,FALSE,shopkeeper,3,75,,,,,"[luck, +30], [melee_damage, -2], [ranged_damage, -1]",
item_90,Poisonous Tonic,None,,,INF,TRUE,FALSE,shopkeeper,3,80,,,,,"[bonus_attack_speed, +0.1], [crit_damage_chance, +0.05], [player_range, +15], [hp_regeneration, -2]",
item_91,Comfort Blanket,None,,,INF,TRUE,FALSE,shopkeeper,3,60,,,,,"[max_hp, +6], [hp_regeneration, +2], [melee_damage, -2], [ranged_damage, -1]",
item_92,Overtime Contract,None,,,INF,TRUE,FALSE,shopkeeper,3,70,,,,,"[hustle, +40], [base_damage, -0.08]",
item_95,Motorcycle Helmet,None,,,INF,TRUE,FALSE,shopkeeper,3,80,,,,,"[defense_ratio, +0.03], [max_hp, +5], [movement_speed_multiplier, -0.05]",
item_96,Packed Lunch,None,,,INF,TRUE,FALSE,shopkeeper,3,85,,,,,"[melee_damage, +4], [ranged_damage, +2], [hustle, +10], [elemental_damage, -2]",
item_97,Cardboard Wings,None,,,INF,TRUE,FALSE,shopkeeper,3,85,,,,,"[movement_speed_multiplier, +0.1], [player_range, +30], [elemental_damage, -2]",
item_102,Jet Skates,None,,,INF,TRUE,FALSE,shopkeeper,4,100,,,,,"[movement_speed_multiplier, +0.15], [dodge_chance, +0.1], [max_hp, -5], [defense_ratio, -0.01]",
item_103,Lucky Coin,None,,,1,TRUE,FALSE,shopkeeper,4,105,,,,,"[crit_damage_chance, +0.01], [defense_ratio, -0.02]",
item_104,Weighted Gauntlets,None,,,INF,TRUE,FALSE,shopkeeper,4,110,,,,,"[melee_damage, +20], [hp_regeneration, +5], [knockback_force, +5], [base_damage, -0.08], [movement_speed_multiplier, -0.03]",
item_105,Night Goggles,None,,,INF,TRUE,FALSE,shopkeeper,4,95,,,,,"[crit_damage_chance, +0.15], [player_range, +50], [max_hp, -3], [defense_ratio, -0.01]",
item_106,Regenerative Patch,None,,,INF,TRUE,FALSE,shopkeeper,4,105,,,,,"[max_hp, +12], [hp_regeneration, +5], [life_steal_chance, +0.03], [crit_damage_chance, -0.08]",
item_107,Lucky Teddy,None,,,INF,TRUE,FALSE,shopkeeper,4,100,,,,,"[max_hp, +12], [luck, +25], [base_damage, -0.05]",
item_108,Cauldron Family Casserole,None,,,INF,TRUE,FALSE,shopkeeper,4,95,,,,,"[max_hp, +3], [hp_regeneration, +2], [life_steal_chance, +0.01], [base_damage, +0.05], [bonus_attack_speed, +0.05], [movement_speed_multiplier, +0.03], [dodge_chance, +0.03], [defense_ratio, +0.01], [luck, +5]",
item_109,Pocket Teleporter,None,,,1,TRUE,FALSE,shopkeeper,4,100,,,,,"[defense_ratio, +0.03], [auto_magnet_on_drop_chance, +1]",
keep_out_tape,Keep-Out Tape,None,,"Keeps enemies at a distance, but reduces Melee Damage.",3,TRUE,FALSE,shopkeeper,1,20,,,,,"[knockback_force, +5], [melee_damage, -1]",
phase_belt,Phase Belt,None,,Your dash becomes a short teleport.,1,FALSE,FALSE,shopkeeper,3,85,,,"[dash, self.teleport_toward(dash_direction, dash_strength * dash_duration)]",,,
,,,,,,,,,,,,,,,,
,,,,,,,,,,,,,,,,
[Archive],,,,,,,,,,,,,,,,
explodive_shells,Unstable Bullets,None,Só o Ícone. Balas com aura roxa.,"Boosts explosions significantly, but reduces overall damage.",INF,TRUE,FALSE,shopkeeper,4,100,,,,,"[explosion_damage, +0.6], [explosion_scale, +0.15], [base_damage, -0.15]",
item_8,First Aid,None,Só o ícone,Regressa would be proud of you. '+8% chance to heal 1 HP when picking up a material.,3,TRUE,FALSE,shopkeeper,1,25,,"[collect_coin, self.heal(self.if_successful_roll_or_else(0.08 * origin._my_info.level, 1.0, 0.0))]",,,"[ranged_damage, -1]",
item_11,Leeches,None,Pode ser só o Ícone,The doctor has some trivia about these.,INF,TRUE,FALSE,shopkeeper,1,25,,,,,"[life_steal_chance, +0.02], [hp_regeneration, -1]",
item_12,Chain Mail,Shirt,Roupa?,"Sturdy, but the noise attracts enemies.",10,TRUE,FALSE,shopkeeper,1,30,,,,,"[max_hp, +2], [base_damage, -0.05], [enemy_quantity, +0.05]",
item_23,Trick Shot,None,Só ícone,Years of training finally paid off.,INF,TRUE,FALSE,shopkeeper,1,15,,,,,"[projectile_bounces, +1], ",
item_33,Super Hero Cape,Shirt,Ícone e Sprite,Allows flight.,1,TRUE,FALSE,shopkeeper,4,150,,,,,,
item_43,Firefighter Pants,Pants,Ícone e Sprite,These are Mr.October's!,1,TRUE,FALSE,shopkeeper,3,65,,,,,"[elemental_damage, +4], [hp_regeneration, +1], [enemy_quantity, -0.1], [base_damage, -0.05]",
item_47,item_47,None,,,INF,TRUE,FALSE,shopkeeper,2,45,,,,,"[base_damage, +0.1], [bonus_attack_speed, -0.04]",
item_49,TextItem,None,,,INF,TRUE,FALSE,shopkeeper,1,5,,,,,"[melee_damage, -10], [knockback_force, 100]",
item_49,item_49,None,,,INF,TRUE,FALSE,shopkeeper,3,75,,,,,"[piercing, +1], [base_damage, -0.1]",
item_50,item_50,None,,,INF,TRUE,FALSE,shopkeeper,2,40,,,,,"[pierce_damage_falloff, -7.5%], [base_damage, -0.2%]",
item_55,Demolition Charge,None,,,INF,TRUE,FALSE,shopkeeper,1,20,,,,,"[explosion_damage, +0.15]",
item_63,Scared Sausage,None,,,4,TRUE,FALSE,shopkeeper,1,25,,,,,"[base_damage, +0]",
item_64,Sharpened Rivet,None,,,1,TRUE,FALSE,shopkeeper,1,25,,,,,"[piercing, +1], [pierce_damage_falloff, +0.2], [base_damage, -0.05], [knockback_force, -3]",
item_65,Chewed Gum,None,,,1,TRUE,FALSE,shopkeeper,1,25,,,,,"[movement_speed_multiplier, -0.03]",
item_73,Pumpkin,None,,,INF,TRUE,FALSE,shopkeeper,2,40,,,,,"[pierce_damage_falloff, -0.15], [base_damage, -0.02]",
item_75,Snail,None,,,1,TRUE,FALSE,shopkeeper,2,40,,,,,"[enemy_movement_speed, -0.08], [movement_speed_multiplier, -0.03]",
item_78,White Flag,None,,,1,TRUE,FALSE,shopkeeper,2,40,,,,,"[gold_gain, +5], [enemy_quantity, -0.05]",
item_79,Alien Baby,None,,,INF,TRUE,FALSE,shopkeeper,3,80,,,,,"[max_hp, +15], [enemy_max_hp, +0.1]",
item_80,Sidekick Bandana,None,,,INF,TRUE,FALSE,shopkeeper,3,75,,,,,"[piercing, +1], [base_damage, -0.1]",
item_81,Blood Donation,None,,,INF,TRUE,FALSE,shopkeeper,3,50,,,,,"[gold_gain, +40], [base_damage, +0]",
item_86,Sticky Bun,None,,,INF,TRUE,FALSE,shopkeeper,3,70,,,,,"[ranged_damage, +3], [explosion_damage, +0.1], [explosion_scale, +0.05], [movement_speed_multiplier, -0.03], [dodge_chance, -0.03]",
item_88,Mouse,None,,,5,TRUE,FALSE,shopkeeper,3,55,,,,,"[life_steal_chance, +0.05], [enemy_quantity, +0.1], [gold_gain, -5]",
item_89,Demolition Putty,None,,,INF,TRUE,FALSE,shopkeeper,3,60,,,,,"[explosion_scale, +0.25]",
item_93,Tyler,None,,,INF,TRUE,FALSE,shopkeeper,3,75,,,,,"[base_damage, +0]",
item_94,Night Watch Badge,None,,,INF,TRUE,FALSE,shopkeeper,3,92,,,,,"[base_damage, +0.03]",
item_98,Giant Belt,None,,,1,TRUE,FALSE,shopkeeper,4,110,,,,,"[base_damage, +0]",
item_99,Greek Fire,None,,,1,TRUE,FALSE,shopkeeper,4,100,,,,,"[base_damage, +0]",
item_100,Hero Diet Plan,None,,,INF,TRUE,FALSE,shopkeeper,4,110,,,,,"[max_hp, +3], [hp_regeneration, +1], [life_steal_chance, +0.01]",
item_101,Heavy Bullets,None,,,INF,TRUE,FALSE,shopkeeper,4,100,,,,,"[ranged_damage, +5], [base_damage, +0.1], [player_range, +10], [bonus_attack_speed, -0.05], [crit_damage_chance, -0.05]",
item_23,Trick Shot,None,Só ícone,Years of training finnaly paid off.,INF,TRUE,TRUE,shopkeeper,1,15,,,,,"[projectile_bounces, +1], ",
angel_wings,Angel Wings,None,,"Looks like Angels Wings, but smells like Pigeon.",1,TRUE,TRUE,shopkeeper,4,100 * (level + 1),,,,,,
collateral_damage,Clumsy,None,"Só Ícone, derrubando algo?",That wasn’t supposed to happen. 25% chance to deal damage to a random enemy when you pick up a drop,INF,TRUE,TRUE,shopkeeper,1,22,,,,,"[drop_collection_damage_chance, +0.25],[drop_collection_damage_amount, +1.0][max_hp, +3], [hp_regeneration, +2], [consumable_heal, -1]",
collateral_damage,Clumsy,None,"Só Ícone, derrubando algo?",That wasn’t supposed to happen. 25% chance to deal damage to a random enemy when you pick up a drop,INF,TRUE,FALSE,shopkeeper,1,22,,,,,"[drop_collection_damage_chance, +0.25],[drop_collection_damage_amount, +1.0][max_hp, +3], [hp_regeneration, +2], [consumable_heal, -1]",
vampire_fang,Vampire Teeth,None,REMOVER,"At first glance, it looks made of plastic.",INF,TRUE,TRUE,shopkeeper,2,100 * (level + 1),,,,,"[life_steal_chance_chance, +0.5]",
clover,,None,REMOVER,"Increases luck, improving drop rates and effects.",INF,TRUE,TRUE,shopkeeper,1,100 * (level + 1),,,,,"[luck, +1.0]",
sword,Sword,None,,"Powerful, even if it looks like a kid’s toy.",INF,TRUE,FALSE,shopkeeper,1,100 * (level + 1),,"[base_damage, +1], [knockback_force, +100], [attack_scale, +0.2]",,,,
bow,Box,None,,Comes with infinite arrows.,INF,TRUE,FALSE,shopkeeper,1,100 * (level + 1),"[projectile_count, +1]","[projectile_count, +1], [base_damage, +2], [crit_damage_chance, +0.1], [projectile_speed, +100]",,,,
rocket_boot,Rocket Boots,None,,Built by a mad engineer. He never got to fix it.,INF,TRUE,TRUE,shopkeeper,3,100 * (level + 1),,,,,"[jump_force, +70.0]",
fire_stone,Burning Comet Shard,None,,It fell from the sky and found someone’s head.,INF,TRUE,TRUE,shopkeeper,3,100 * (level + 1),,,,,,
life_collar,Heartbound Necklace,None,,A gift from someone dear. It shouldn’t still be here.,INF,TRUE,TRUE,shopkeeper,2,100 * (level + 1),,,,,"[victim_additional_health_drop_chance, +0.05]",
frog_boots,frog_boots,None,,Grants +1 extra jump.,INF,TRUE,TRUE,shopkeeper,2,100 * (level + 1),,,,,"[max_jumps, +1.0]",
clean_socks,Clean Socks,None,,No more cheese smell.,INF,TRUE,TRUE,shopkeeper,2,100 * (level + 1),,,,,"[movement_speed_multiplier, +0.60]",
flame_boots,flame_boots,None,,Leaves a trail of fire that burns enemies.,INF,TRUE,TRUE,shopkeeper,1,100 * (level + 1),,"[base_damage, +2], [crit_damage_chance, +0.1], [projectile_speed, +100]",,,,